,"Update","Club Lime CISAC (gym only)","100 Eastern Valley Way","Bruce","ACT","09/08/2021 - Monday",7:00pm,9:00pm,"Close"
,"Update","Club Lime CISAC (gym only)","100 Eastern Valley Way","Bruce","ACT","10/08/2021 - Tuesday",6:30pm,8:15pm,"Close"
,"Update","Club Lime CISAC (gym only)","100 Eastern Valley Way","Bruce","ACT","11/08/2021 - Wednesday",4:45pm,7:15pm,"Close"
,"Update","Woolworths Gungahlin","30 Hibberson Street","Gungahlin ","ACT","12/08/2021 - Thursday",3:30pm,5:05pm,"Casual"
,"New","85 Degrees","148 Bunda Street","Canberra City","ACT","18/08/2021 - Wednesday",1:00pm,2:00pm,"Monitor"
,"New","85 Degrees","148 Bunda Street","Canberra City","ACT","18/08/2021 - Wednesday",4:00pm,4:30pm,"Monitor"
,"New","Australia Post Woden","Shop 4 15 Bowes Place","Woden","ACT","11/08/2021 - Wednesday",11:00am,12:00pm,"Casual"
,"New","Bright Bees Childcare","40 O'Hanlon Place","Nicholls","ACT","20/08/2021 - Friday",8:00am,5:00pm,"Close"
,"New","Bright Bees Childcare","40 O'Hanlon Place","Nicholls","ACT","19/08/2021 - Thursday",8:00am,5:00pm,"Close"
,"New","Bright Bees Childcare","40 O'Hanlon Place","Nicholls","ACT","18/08/2021 - Wednesday",8:00am,5:00pm,"Close"
,"New","Bright Bees Childcare","40 O'Hanlon Place","Nicholls","ACT","17/08/2021 - Tuesday",8:00am,5:00pm,"Close"
,"New","Canberra Centre","148 Bunda Street","Canberra City","ACT","18/08/2021 - Wednesday",1:00pm,5:00pm,"Monitor"
,"New","Chemist Warehouse Phillip","24 Corinna Street","Phillip","ACT","17/08/2021 - Tuesday",12:50pm,1:30pm,"Monitor"
,"New","China Tea House","2/38-70 Gartside Street","Wanniassa","ACT","16/08/2021 - Monday",6:40pm,7:20pm,"Monitor"
,"New","Coles Canberra Centre","148 Bunda Street","Canberra City","ACT","17/08/2021 - Tuesday",2:30pm,3:30pm,"Casual"
,"New","Coles Canberra Centre","148 Bunda Street","Canberra City","ACT","19/08/2021 - Thursday",7:50pm,8:45pm,"Casual"
,"New","Crust Pizza Wanniassa","Shop 9B/20 Gartside Street","Wanniassa","ACT","20/08/2021 - Friday",6:35pm,7:00pm,"Monitor"
,"New","Erindale Pharmacy","2 Denigan Street","Wanniassa","ACT","21/08/2021 - Saturday",2:10pm,2:45pm,"Monitor"
,"New","Erindale Pharmacy","2 Denigan Street","Wanniassa","ACT","18/08/2021 - Wednesday",11:00am,11:30am,"Monitor"
,"New","Guzman y Gomez Canberra Centre","148 Bunda Street","Canberra City","ACT","16/08/2021 - Monday",6:30am,8:30pm,"Casual"
,"New","Guzman y Gomez Canberra Centre","148 Bunda Street","Canberra City","ACT","17/08/2021 - Tuesday",8:00am,11:00pm,"Casual"
,"New","Guzman y Gomez Canberra Centre","148 Bunda Street","Canberra City","ACT","18/08/2021 - Wednesday",2:45pm,10:00pm,"Casual"
,"New","Guzman y Gomez Canberra Centre","148 Bunda Street","Canberra City","ACT","19/08/2021 - Thursday",2:45pm,10:00pm,"Casual"
,"New","NewsXpress Wanniassa","2 Denigan Street","Wanniassa","ACT","16/08/2021 - Monday",11:40am,12:20pm,"Monitor"
,"New","NewsXpress Wanniassa","2 Denigan Street","Wanniassa","ACT","20/08/2021 - Friday",12:30pm,1:20pm,"Monitor"
,"New","Oliver Brown Canberra Centre","148 Bunda Street","Canberra City","ACT","18/08/2021 - Wednesday",4:15pm,5:10pm,"Casual"
,"New","The Butcher Shop Wanniassa","60 Comrie Street","Wanniassa","ACT","18/08/2021 - Wednesday",11:15am,12:00pm,"Monitor"
,"New","Urban Fusion Massage","165/148 Flemington Road","Harrison","ACT","11/08/2021 - Wednesday",6:15pm,8:30pm,"Close"
,"New","Westfield Belconnen","Westfield Belconnen, Benjamin Way","Belconnen","ACT","18/08/2021 - Wednesday",12:00pm,2:00pm,"Monitor"
,"New","Westpac Woden"," Shops L06-08/3 Bradley Street","Woden","ACT","11/08/2021 - Wednesday",11:00am,12:00pm,"Casual"
,"New","Woolworths Cooleman Court","Brierly Street","Weston Creek","ACT","16/08/2021 - Monday",12:45pm,1:30pm,"Monitor"
,"New","Woolworths Wanniassa","50-68 Comrie Street","Wanniassa","ACT","16/08/2021 - Monday",11:45am,12:35pm,"Monitor"
,"New","Woolworths Wanniassa","50-68 Comrie Street","Wanniassa","ACT","20/08/2021 - Friday",12:10pm,1:00pm,"Monitor"
,"New","Woolworths Wanniassa","50-68 Comrie Street","Wanniassa","ACT","21/08/2021 - Saturday",2:10pm,3:00pm,"Monitor"
,"New","Woolworths Wanniassa","50-68 Comrie Sreet","Wanniassa","ACT","18/08/2021 - Wednesday",11:00am,11:40am,"Monitor"
,"New","Woolworths Wanniassa","50-68 Comrie Street","Wanniassa","ACT","20/08/2021 - Friday",12:05pm,1:00pm,"Monitor"
,"New","Zambrero Weston Creek","14 Brierly Street","Weston Creek","ACT","16/08/2021 - Monday",1:00pm,1:40pm,"Monitor"
,,"7-Eleven Mawson","1 Mawson Place","Mawson","ACT","16/08/2021 - Monday",12:00pm,1:30pm,"Casual"
,,"7-Eleven Braddon","20 Mort Street","Braddon","ACT","12/08/2021 - Thursday",3:45pm,4:00pm,"Casual"
,,"7-Eleven Braddon ","20 Mort Street","Braddon","ACT","11/08/2021 - Wednesday",5:00pm,5:15pm,"Monitor"
,,"7-Eleven Casey","10 Kingsland Parade","Casey","ACT","14/08/2021 - Saturday",7:30am,8:15am,"Casual"
,,"7-Eleven Phillip","86 Parramatta Street","Phillip","ACT","13/08/2021 - Friday",10:55am,11:10am,"Monitor"
,,"Abode Hotel (Floors 1, 2 and 3)","14 Kennedy Street","Kingston","ACT","11/08/2021 - Wednesday",7:50am,11:59pm,"Casual"
,,"Abode Hotel (Floors 1, 2 and 3)","14 Kennedy Street","Kingston","ACT","12/08/2021 - Thursday",12:00am,7:00pm,"Casual"
,,"Abode Hotel (Ground Floor only)","14 Kennedy Street","Kingston","ACT","11/08/2021 - Wednesday",7:50am,7:00pm,"Monitor"
,,"Abode Hotel (Ground Floor only)","14 Kennedy Street","Kingston","ACT","12/08/2021 - Thursday",7:50am,7:00pm,"Monitor"
,,"About Health","2/22-25 Dickson Place","Dickson","ACT","14/08/2021 - Saturday",2:40pm,5:00pm,"Casual"
,,"Acai Brothers Canberra Centre","Bunda Street","Canberra City","ACT","15/08/2021 - Sunday",9:55am,10:05am,"Casual"
,,"Al Manoosh Bakery","47 Mawson Place","Mawson","ACT","09/08/2021 - Monday",12:00pm,1:00pm,"Close"
,,"ALDI Belconnen","Westfield Belconnen, Benjamin Way","Belconnen","ACT","12/08/2021 - Thursday",3:50pm,4:50pm,"Close"
,,"ALDI Belconnen","Westfield Belconnen, Benjamin Way","Belconnen","ACT","13/08/2021 - Friday",8:45am,9:20am,"Casual"
,,"ALDI Belconnen","Westfield Belconnen, Benjamin Way","Belconnen","ACT","13/08/2021 - Friday",2:00pm,2:25pm,"Casual"
,,"ALDI Belconnen","Westfield Belconnen, Benjamin Way","Belconnen","ACT","15/08/2021 - Sunday",5:10pm,6:00pm,"Casual"
,,"ALDI Belconnen","Westfield Belconnen, Benjamin Way","Belconnen","ACT","16/08/2021 - Monday",6:40pm,7:40pm,"Casual"
,,"ALDI Canberra Centre","Bunda Street","Canberra City","ACT","15/08/2021 - Sunday",9:15am,10:15am,"Casual"
,,"ALDI Kippax","50-60 Hardwick Crescent","Holt","ACT","12/08/2021 - Thursday",1:20pm,2:00pm,"Monitor"
,,"ALDI Weston Creek","Brierly Street","Weston Creek","ACT","13/08/2021 - Friday",6:00pm,6:30pm,"Casual"
,,"Ampol Fyshwick","289 Canberra Avenue","Fyshwick","ACT","11/08/2021 - Wednesday",1:10pm,1:30pm,"Casual"
,,"Ampol Braddon","5 Lonsdale Street","Braddon","ACT","12/08/2021 - Thursday",3:00pm,3:30pm,"Monitor"
,,"Assembly The People’s Pub","11 Lonsdale Street","Braddon","ACT","08/08/2021 - Sunday",8:00pm,9:00pm,"Close"
,,"Assembly The People’s Pub","11 Lonsdale Street","Braddon","ACT","10/08/2021 - Tuesday",7:30pm,10:15pm,"Close"
,,"Assembly The People's Pub","11 Lonsdale Street","Braddon","ACT","07/08/2021 - Saturday",7:00pm,11:59pm," Investigation location"
,,"Basketball ACT, Basketball & Sports Centre","42 Oatley Court","Belconnen","ACT","10/08/2021 - Tuesday",12:00pm,3:00pm,"Casual"
,,"Basketball ACT, Basketball & Sports Centre","42 Oatley Court","Belconnen","ACT","10/08/2021 - Tuesday",5:50pm,7:30pm,"Casual"
,,"Basketball ACT, Basketball & Sports Centre","42 Oatley Court","Belconnen","ACT","11/08/2021 - Wednesday",6:40am,9:00pm,"Casual"
,,"Beyond Pharmacy","4/18 Lonsdale Street","Braddon","ACT","12/08/2021 - Thursday",3:45pm,4:00pm,"Casual"
,,"Big W Gungahlin","Gozzard Street","Gungahlin","ACT","10/08/2021 - Tuesday",3:45pm,4:30pm,"Casual"
,,"Big W Gungahlin","Gozzard Street","Gungahlin","ACT","12/08/2021 - Thursday",2:40pm,3:00pm,"Casual"
,,"Bing Lee Belconnen","10-12 Cohen Street","Belconnen","ACT","10/08/2021 - Tuesday",12:50pm,1:15pm,"Casual"
,,"Boost Juice Canberra Outlet Centre","337 Canberra Avenue","Fyshwick","ACT","08/08/2021 - Sunday",1:35pm,2:05pm,"Casual"
,,"Bunnings Belconnen","15 Lathlain Street","Belconnen","ACT","15/08/2021 - Sunday",5:20pm,5:45pm,"Monitor"
,,"Bunnings Belconnen","15 Lathlain Street","Belconnen","ACT","17/08/2021 - Tuesday",3:45pm,4:35pm,"Casual"
,,"Bunnings Canberra Airport","971 Majura Road","Majura Park","ACT","09/08/2021 - Monday",9:00am,10:30am,"Casual"
,,"Bunnings Tuggeranong","Anketell Street","Greenway","ACT","11/08/2021 - Wednesday",10:15am,10:50am,"Monitor"
,,"Bus Route 10 Transport Canberra Code BUS687","Coombs to City (Commonwealth Ave)","Public Transport","ACT","12/08/2021 - Thursday",7:16am,7:31am,"Casual"
,,"Bus Route 19 Transport Canberra Code BUS412","Gungahlin to Bonner","Public Transport","ACT","11/08/2021 - Wednesday",2:25pm,5:00pm,"Casual"
,,"Bus Route 19 Transport Canberra Code BUS668","Gungahlin to Bonner","Public Transport","ACT","12/08/2021 - Thursday",5:00pm,5:30pm,"Casual"
,,"Bus Route 2 Transport Canberra Code BUS719","City (Regatta Point) to Fyshwick ","Public Transport","ACT","12/08/2021 - Thursday",7:41am,7:57am,"Casual"
,,"Bus Route 20 Transport Canberra Code BUS629","Bonner to Gunghalin","Public Transport","ACT","10/08/2021 - Tuesday",7:33am,7:45am,"Casual"
,,"Bus Route 20 Transport Canberra Code BUS933","Gungahlin to Amaroo","Public Transport","ACT","10/08/2021 - Tuesday",3:33pm,3:43pm,"Casual"
,,"Bus Route 20 Transport Canberra Code BUS963","Gungahlin to Bonner","Public Transport","ACT","11/08/2021 - Wednesday",3:33pm,3:52pm,"Casual"
,,"Bus Route 25 Transport Canberra Code BUS428","Gungahlin to Moncrieff","Public Transport","ACT","11/08/2021 - Wednesday",4:07pm,4:20pm,"Casual"
,,"Bus Route 25 Transport Canberra Code BUS585","Gungahlin to Moncrieff","Public Transport","ACT","12/08/2021 - Thursday",4:02pm,4:14pm,"Casual"
,,"Bus Route 25 Transport Canberra Code BUS939","Gungahlin to Moncrieff","Public Transport","ACT","10/08/2021 - Tuesday",4:23pm,4:38pm,"Casual"
,,"Bus Route 26 Transport Canberra Code BUS433","Amaroo to Gungahlin","Public Transport","ACT","12/08/2021 - Thursday",7:56am,8:07am,"Casual"
,,"Bus Route 26 Transport Canberra Code BUS433","Moncrieff to Gungahlin","Public Transport","ACT","12/08/2021 - Thursday",7:51am,8:07am,"Casual"
,,"Bus Route 26 Transport Canberra Code BUS440","Amaroo To Gungahlin","Public Transport","ACT","10/08/2021 - Tuesday",7:56am,8.04am,"Casual"
,,"Bus Route 26 Transport Canberra Code BUS440","Moncrieff to Gungahlin ","Public Transport","ACT","10/08/2021 - Tuesday",7:50am,8:04am,"Casual"
,,"Bus Route 26 Transport Canberra Code BUS458","Amaroo To Gungahlin","Public Transport","ACT","11/08/2021 - Wednesday",7:56am,8.04am,"Casual"
,,"Bus Route 26 Transport Canberra Code BUS458 ","Moncrieff to Gungahlin","Public Transport","ACT","11/08/2021 - Wednesday",7:51am,8:04am,"Casual"
,,"Bus Route 30 Transport Canberra Code BUS351","Dickson to Kaleen","Public Transport","ACT","09/08/2021 - Monday",3:43pm,4:10pm,"Casual"
,,"Bus Route 45 Transport Canberra Code BUS617","Weetangera to Belconnen","Public Transport","ACT","12/08/2021 - Thursday",10:30am,10:40am,"Casual"
,,"Bus Route 45 Transport Canberra Code BUS653","Belconnen to Weetangera","Public Transport","ACT","12/08/2021 - Thursday",8:30am,8:50am,"Casual"
,,"Bus Route 66 Transport Canberra Code BUS641","Woden Interchange to Coombs","Public Transport","ACT","12/08/2021 - Thursday",1:04pm,1:19pm,"Casual"
,,"Bus Route 66 Transport Canberra Code BUS643","Coombs to Woden Intechange","Public Transport","ACT","13/08/2021 - Friday",12:21pm,12:33pm,"Casual"
,,"Bus Route 70 Transport Canberra Code BUS321","Woden Interchange to Kambah","Public Transport","ACT","13/08/2021 - Friday",12:57pm,1:15pm,"Casual"
,,"Bus Route 8 Transport Canberra Code BUS580","Belconnen to Gunghalin","Public Transport","ACT","12/08/2021 - Thursday",11:15am,11:45am,"Casual"
,,"Bus Route 8 Transport Canberra Code BUS629","Gungahlin to Belconnen","Public Transport","ACT","10/08/2021 - Tuesday",8:00am,8:30am,"Casual"
,,"Bus Route 8 Transport Canberra Code BUS657","Gungahlin to Belconnen","Public Transport","ACT","12/08/2021 - Thursday",8:00am,8:30am,"Casual"
,,"Bus Route 9 Transport Canberra Code BUS424","Dickson Interchange to Watson","Public Transport","ACT","12/08/2021 - Thursday",3:26pm,3:35pm,"Casual"
,,"Bus Route 9 Transport Canberra Code BUS456","Watson to Dickson Interchange","Public Transport","ACT","12/08/2021 - Thursday",8:20am,8:34am,"Casual"
,,"Bus Route 9 Transport Canberra Code BUS456","Watson to Dickson Interchange","Public Transport","ACT","12/08/2021 - Thursday",8:25am,8:34am,"Casual"
,,"Bus Route 9 Transport Canberra Code BUS588","Dickson Interchange to Watson","Public Transport","ACT","11/08/2021 - Wednesday",3:12:pm,3:23pm,"Casual"
,,"Bus Route 9 Transport Canberra Code BUS604","Watson to Dickson Interchange","Public Transport","ACT","11/08/2021 - Wednesday",8:06am,8:17am,"Casual"
,,"Bus Route 9 Transport Canberra Code BUS720","Dickson Interchange to Watson","Public Transport","ACT","12/08/2021 - Thursday",3:18pm,3:32pm,"Casual"
,,"Bus Route R3 Transport Canberra Code BUS415","Belconnen (Lake Ginninderra College) to Florey (John Cleland Crescent)","Public Transport","ACT","09/08/2021 - Monday",1:00pm,1:15pm,"Casual"
,,"Bus Route R3 Transport Canberra Code BUS431","Florey (John Cleland Crescent) to Belconnen (Lake Ginninderra College)","Public Transport","ACT","09/08/2021 - Monday",4:00pm,4:15pm,"Casual"
,,"BWS Belconnen","Westfield Belconnen, Benjamin Way","Belconnen","ACT","16/08/2021 - Monday",7:30pm,8:20pm,"Casual"
,,"Café Mame","2/4-6 Melba Circuit","Melba","ACT","11/08/2021 - Wednesday",8:50am,9:15am,"Casual"
,,"Subway and Food Court, Canberra Centre ","148 Bunda Street","Canberra City","ACT","09/08/2021 - Monday",10:30am,12:00pm,"Casual"
,,"Canberra Centre","148 Bunda Street","Canberra City","ACT","09/08/2021 - Monday",10:30am,12:00pm,"Monitor"
,,"Canberra Centre","377 Canberra Avenue","Fyshwick","ACT","08/08/2021 - Sunday",2:00pm,3:30pm,"Monitor"
,,"Capital Chemist Green Square","62 Jardine Street","Kingston","ACT","11/08/2021 - Wednesday",12:00pm,12:15pm,"Close"
,,"Capital Chemist Lyneham","76 Wattle Street","Lyneham","ACT","10/08/2021 - Tuesday",2:45pm,3:50pm,"Close"
,,"Capital Chemist O’Connor ","9 Sargood Street","O’Connor","ACT","13/08/2021 - Friday",9:35am,10:00am,"Casual"
,,"Capital Chemist O'Connor","9 Sargood Street","O'Connor","ACT","14/08/2021 - Saturday",7:55pm,8:10pm,"Monitor"
,,"Casey Marketplace","15 Kingsland Parade","Casey","ACT","10/08/2021 - Tuesday",3:50pm,4:20pm,"Monitor"
,,"Central Food Court, Canberra Outlet Centre","337 Canberra Avenue","Fyshwick","ACT","08/08/2021 - Sunday",1:30pm,2:30pm,"Casual"
,,"Chapman Primary After School Care Building","46-50 Perry Drive","Chapman","ACT","10/08/2021 - Tuesday",2:30pm,6:00pm,"Close"
,,"Chapman Primary After School Care Building","46-50 Perry Drive","Chapman","ACT","11/08/2021 - Wednesday",2:30pm,6:00pm,"Close"
,,"Chemist Warehouse Belconnen Markets","2 Ibbott Lane
","Belconnen","ACT","17/08/2021 - Tuesday",4:20pm,5:10pm,"Casual"
,,"Chemist Warehouse Belconnen Markets","2 Ibbott Lane
","Belconnen","ACT","19/08/2021 - Thursday",5:50pm,6:40pm,"Casual"
,,"CIT Bruce Campus (Building H - Library Only)","1 Jack Fleming Place","Bruce","ACT","12/08/2021 - Thursday",12:00pm,4:30pm,"Close"
,,"CIT Bruce Campus (Building H only)","1 Jack Fleming Place","Bruce","ACT","12/08/2021 - Thursday",12:00pm,4:30pm,"Casual"
,,"CIT Bruce Campus (Building H only)","1 Jack Fleming Place","Bruce","ACT","10/08/2021 - Tuesday",8:45am,4:30pm,"Close"
,,"CIT Bruce Campus (Building H only)","1 Jack Fleming Place","Bruce","ACT","11/08/2021 - Wednesday",12:30pm,4:40pm,"Close"
,,"CIT Bruce Campus (Entire campus, refer to Close Contacts entry if attended Building H)","35 Vowels Crescent","Bruce","ACT","12/08/2021 - Thursday",12:00pm,4:30pm,"Monitor"
,,"CIT Bruce Campus (Entire Campus, refer to Close Contacts entry if attended Building H)","35 Vowels Crescent","Bruce","ACT","10/08/2021 - Tuesday",8:45am,4:30pm,"Monitor"
,,"CIT Bruce Campus (Entire Campus, refer to Close Contacts entry if attended Building H)","35 Vowels Crescent","Bruce","ACT","11/08/2021 - Wednesday",12:30pm,10:30pm,"Monitor"
,,"CIT Bruce Campus (Psych Accredited Class, Room G102)","35 Vowels Crescent","Bruce","ACT","10/08/2021 - Tuesday",6:00pm,8:00pm,"Close"
,,"CIT Reid Campus (Entire campus)","37 Constitution Avenue","Reid","ACT","11/08/2021 - Wednesday",8:45am,3:00pm,"Close"
,,"CIT Reid Campus (Entire campus)","37 Constitution Avenue","Reid","ACT","12/08/2021 - Thursday",9:00am,2:30pm,"Close"
,,"Post Office Civic Square","Shop G14-16, 148 Bunda Street","Canberra City","ACT","10/08/2021 - Tuesday",9:30am,9:50am,"Casual"
,,"Club Lime Gungahlin"," 43 Hibberson Street","Gungahlin","ACT","11/08/2021 - Wednesday",5:00am,6:30am,"Close"
,,"Club Lime Mawson","Mawson Drive","Mawson","ACT","09/08/2021 - Monday",4:30pm,6:30pm,"Close"
,,"Club Lime Phillip","Bradley Street","Phillip","ACT","09/08/2021 - Monday",5:30pm,7:30pm,"Close"
,,"Coffee Guru Canberra Centre","Shop K05, 148 Bunda Street","Canberra City","ACT","10/08/2021 - Tuesday",12:00pm,1:00pm,"Close"
,,"Coffee Guru Canberra Centre","Shop K05, 148 Bunda Street","Canberra City","ACT","12/08/2021 - Thursday",10:45am,12:00pm,"Close"
,,"Coles Amaroo","Horse Park Drive","Amaroo","ACT","08/08/2021 - Sunday",4:00pm,4:20pm,"Casual"
,,"Coles Amaroo","Horse Park Drive","Amaroo","ACT","13/08/2021 - Friday",11:30am,1:00pm,"Casual"
,,"Coles Belconnen","Westfield Belconnen, Benjamin Way","Belconnen","ACT","13/08/2021 - Friday",9:35am,10:00am,"Casual"
,,"Coles Belconnen","Westfield Belconnen, Benjamin Way","Belconnen","ACT","13/08/2021 - Friday",2:15pm,2:45pm,"Casual"
,,"Coles Belconnen","Westfield Belconnen, Benjamin Way","Belconnen","ACT","14/08/2021 - Saturday",9:20am,10:00am,"Casual"
,,"Coles Belconnen","Westfield Belconnen, Benjamin Way","Belconnen","ACT","17/08/2021 - Tuesday",11:55am,12:45pm,"Casual"
,,"Coles Canberra City","Bunda Street","Canberra City","ACT","13/08/2021 - Friday",6:55pm,7:30pm,"Casual"
,,"Coles Express Belconnen","Lathlain Street and Wignall Place","Belconnen","ACT","12/08/2021 - Thursday",7:50am,8:10am,"Casual"
,,"Coles Express Charnwood","Lhotsky Street & Charnwood Place","Charnwood","ACT","13/08/2021 - Friday",2:30pm,3:10pm,"Monitor"
,,"Coles Gungahlin"," Cnr Hibberson Street & Gungahlin Place","Gungahlin ","ACT","12/08/2021 - Thursday",3:00pm,3:45pm,"Casual"
,,"Coles Gungahlin","Gungahlin Place","Gungahlin","ACT","15/08/2021 - Sunday",9:30am,10:00am,"Casual"
,,"Coles Gungahlin","Hibberson Street","Gungahlin","ACT","12/08/2021 - Thursday",3:30pm,4:15pm,"Casual"
,,"Coles Kaleen","1 Maribyrnong Avenue","Kaleen","ACT","12/08/2021 - Thursday",12:45pm,2:45pm,"Close"
,,"Coles Manuka","Franklin Street & Flinders Way","Griffith","ACT","11/08/2021 - Wednesday",6:00pm,6:45pm,"Casual"
,,"Coles Manuka","Franklin Street & Flinders Way","Griffith","ACT","15/08/2021 - Sunday",11:15am,12:00pm,"Monitor"
,,"Coles Manuka","Franklin Street & Flinders Way","Griffith","ACT","11/08/2021 - Wednesday",12:15pm,12:40pm,"Close"
,,"Commonwealth Bank Gungahlin","Shop 23-25, 33 Hibberson Street","Gungahlin","ACT","12/08/2021 - Thursday",3:00pm,3:20pm,"Casual"
,,"Commonwealth Bank Gungahlin","Shop 23-25, 33 Hibberson Street","Gungahlin","ACT","12/08/2021 - Thursday",9:30am,10:00am,"Close"
,,"Companion House","41 Templeton Street","Cook","ACT","11/08/2021 - Wednesday",11:30am,11:45am,"Close"
,,"Costco Majura Park","39-41 Mustang Avenue","Majura Park","ACT","13/08/2021 - Friday",12:00pm,1:00pm,"Casual"
,,"Crust Pizza Braddon","28 Mort Street","Braddon","ACT","13/08/2021 - Friday",5:30pm,5:45pm,"Casual"
,,"Da Bronx ","2/26 Francis Forde Boulevard","Forde","ACT","19/08/2021 - Thursday",5:50pm,6:40pm,"Monitor"
,,"Daily Market","137/43 Hibberson Street","Gungahlin","ACT","15/08/2021 - Sunday",10:00am,10:30am,"Casual"
,,"Dan Murphy's Dickson","44 Dickson Place","Dickson","ACT","15/08/2021 - Sunday",12:20pm,12:50pm,"Monitor"
,,"David Jones Canberra Centre","148 Bunda Street ","Canberra City","ACT","10/08/2021 - Tuesday",5:15pm,6:00pm,"Casual"
,,"Dominos Gungahlin","3/8 Ernest Cavanagh Street","Gungahlin ","ACT","15/08/2021 - Sunday",1:50pm,2:10pm,"Casual"
,,"Downer Community Centre","6 Frencham Place","Downer","ACT","08/08/2021 - Sunday",1:00pm,6:00pm,"Close"
,,"Easi Mart","45 Eastlake Parade","Kingston","ACT","16/08/2021 - Monday",4:50pm,5:50pm,"Casual"
,,"Elite Supplements","13 Keltie Street","Phillip","ACT","11/08/2021 - Wednesday",11:15am,12:15pm,"Casual"
,,"Elite Supplements","Westfield Belconnen, Benjamin Way","Belconnen","ACT","13/08/2021 - Friday",2:30pm,2:45pm,"Casual"
,,"Engineering House, Tenancy 7/8, level 2","11 National Circuit","Barton","ACT","09/08/2021 - Monday",6:15am,3:30pm,"Close"
,,"Engineering House, Tenancy 7/8, level 2","11 National Circuit","Barton","ACT","10/08/2021 - Tuesday",7:00am,4:00pm,"Close"
,,"EQ Bakehouse","70 Kent Street","Deakin","ACT","11/08/2021 - Wednesday",7:00am,4:00pm,"Casual"
,,"EQ Bakehouse","70 Kent Street","Deakin","ACT","12/08/2021 - Thursday",7:00am,10:00am,"Casual"
,,"EQ Café and Lounge","70 Kent Street","Deakin","ACT","11/08/2021 - Wednesday",6:30am,4:00pm,"Casual"
,,"F45 Training","10 National Circuit","Barton","ACT","11/08/2021 - Wednesday",5:00am,8:00am,"Close"
,,"F45 Training","10 National Circuit ","Barton","ACT","10/08/2021 - Tuesday",5:00am,8:00am,"Close"
,,"F45 Training","10 National Circuit ","Barton","ACT","12/08/2021 - Thursday",5:00am,8:00am,"Close"
,,"Fiction Bar","50 Bunda Street","Canberra City","ACT","07/08/2021 - Saturday",9:00pm,11:59pm,"Close"
,,"Fiction Bar","50 Bunda Street","Canberra City","ACT","08/08/2021 - Sunday",12:00am,4:45am,"Close"
,,"First Choice Liquor, Braddon","48 Mort Street","Braddon","ACT","10/08/2021 - Tuesday",4:25pm,4:45pm,"Casual"
,,"First Choice Liquor, Braddon","48 Mort Street ","Braddon","ACT","14/08/2021 - Saturday",7:45pm,8:05pm,"Monitor"
,,"Flatheads Takeaway","Macpherson Street & Bluebell Street","O'Connor","ACT","11/08/2021 - Wednesday",12:15pm,12:30pm,"Casual"
,,"Food Forum","Westfield Belconnen, Benjamin Way","Belconnen","ACT","16/08/2021 - Monday",7:10pm,7:50pm,"Casual"
,,"Food Works Weston Creek ","40 Holder Place","Holder","ACT","13/08/2021 - Friday",5:00pm,5:10pm,"Monitor"
,,"Franklin General Practice","54 Nullarbor Avenue","Franklin","ACT","12/08/2021 - Thursday",2:15pm,3:15pm,"Close"
,,"Freedom Furniture Canberra Outlet Centre","T27, 337 Canberra Avenue","Fyshwick","ACT","08/08/2021 - Sunday",2:00pm,2:20pm,"Close"
,,"Gelato Messina Kingston","38 Eyre Street","Kingston","ACT","11/08/2021 - Wednesday",8:00pm,8:40pm,"Close"
,,"GGs Flowers & Hampers","Unit 3D, Farrer Shops","Farrer","ACT","11/08/2021 - Wednesday",12:15pm,2:00pm,"Close"
,,"Gift n Lotto Xpress","Westfield Belconnen, Benjamin Way","Belconnen","ACT","17/08/2021 - Tuesday",11:20am,12:15pm,"Casual"
,,"Ginninderra Early Childhood Centre","Swanson Court","Belconnen","ACT","17/08/2021 - Tuesday",11:00am,5:20pm,"Close"
,,"Ginninderra Medical & Dental Centre - The general practice section ONLY","Cnr Nettlefold Street & Coulter Drive","Belconnen","ACT","13/08/2021 - Friday",3:10pm,3:40pm,"Close"
,,"Gold Creek School (including Early Childhood Learning Centre)","Kelleway Avenue","Nicholls","ACT","12/08/2021 - Thursday",8:00am,3:10pm,"Close"
,,"Gold Creek School (including early childhood learning centre)","Kelleway Avenue","Nicholls","ACT","09/08/2021 - Monday",8:25am,5:00pm,"Close"
,,"Gold Creek School (including early childhood learning centre)","Kelleway Avenue","Nicholls","ACT","10/08/2021 - Tuesday",8:00am,3:10pm,"Close"
,,"Gold Creek School (including early childhood learning centre)","Kelleway Avenue","Nicholls","ACT","11/08/2021 - Wednesday",8:00am,5:00pm,"Close"
,,"Gold Creek School, Senior Campus Gym","Kelleway Avenue","Nicholls","ACT","09/08/2021 - Monday",5:00pm,9:30pm,"Close"
,,"Gold Creek School, Senior Campus Gym","Kelleway Avenue","Nicholls","ACT","09/08/2021 - Monday",5:00pm,10:00pm,"Close"
,,"Golden Touch Kedmar, pop-up Gungahlin Marketplace","30 & 33 Hibberson Street","Gungahlin","ACT","12/08/2021 - Thursday",9:45am,10:30am,"Casual"
,,"Goodstart Early Learning Turner","12 Watson Street ","Turner","ACT","11/08/2021 - Wednesday",10:20am,10:40am,"Close"
,,"Goodstart Early Learning Turner","12 Watson Street ","Turner","ACT","11/08/2021 - Wednesday",5:00pm,5:30pm,"Close"
,,"Grand Central Towers","15 Bowes Street","Phillip","ACT","10/08/2021 - Tuesday",6:00pm,9:00pm,"Monitor"
,,"Grand Central Towers - communal pool area","15 Bowes Street","Phillip","ACT","12/08/2021 - Thursday",11:45am,12:45pm,"Close"
,,"Guardian Pharmacy Belconnen","Westfield Belconnen, Benjamin Way","Belconnen","ACT","17/08/2021 - Tuesday",11:45am,12:20pm,"Casual"
,,"Gungahlin Marketplace","30 Hibberson Street","Gungahlin","ACT","12/08/2021 - Thursday",11:30am,2:00pm,"Monitor"
,,"Gunners Place – Youth Centre","20 Hibberson Street","Gungahlin","ACT","11/08/2021 - Wednesday",1:30pm,2:30pm,"Close"
,,"Guzman y Gomez Canberra Centre","Shop EG07-07B, 148 Bunda Street","Canberra City","ACT","10/08/2021 - Tuesday",5:45pm,6:45pm,"Close"
,,"Harrison School","20 Wimmera Street","Harrison","ACT","11/08/2021 - Wednesday",8:30am,3:30pm,"Close"
,,"Harrison School","20 Wimmera Street","Harrison","ACT","12/08/2021 - Thursday",8:30am,3:30pm,"Close"
,,"Harvey Norman Fyshwick","Barrier Street","Fyshwick","ACT","10/08/2021 - Tuesday",10:00am,11:00am,"Close"
,,"Hawker Drive In Bottle Shop","Belconnen Way & Springvale Drive","Hawker","ACT","13/08/2021 - Friday",4:45pm,5:00pm,"Monitor"
,,"Holy Sprit Catholic Primary School (including Early Childhood Learning Centre)","26 Kelleway Avenue","Nicholls","ACT","09/08/2021 - Monday",8:25am,5:00pm,"Casual"
,,"Holy Sprit Catholic Primary School (including Early Childhood Learning Centre)","26 Kelleway Avenue","Nicholls","ACT","11/08/2021 - Wednesday",8:00am,5:00pm,"Casual"
,,"Holy Sprit Catholic Primary School (including Early Childhood Learning Centre)","26 Kelleway Avenue","Nicholls","ACT","12/08/2021 - Thursday",8:00am,3:10pm,"Casual"
,,"Holy Sprit Catholic Primary School (including Early Childhood Learning Centre)","26 Kelleway Avenue ","Nicholls","ACT","10/08/2021 - Tuesday",8:00am,3:10pm,"Casual"
,,"Hungry Jacks Belconnen","108 Emu Bank Road","Belconnen","ACT","13/08/2021 - Friday",3:45pm,11:30pm,"Close"
,,"Hungry Jacks Belconnen","108 Emu Bank Road","Belconnen","ACT","14/08/2021 - Saturday",8:00am,3:15pm,"Close"
,,"Hungry Jacks Gungahlin","Gibberson Street","Gungahlin","ACT","14/08/2021 - Saturday",7:20pm,7:40pm,"Casual"
,,"IGA Evatt","Heydon Place","Evatt","ACT","11/08/2021 - Wednesday",9:00am,3:00pm,"Close"
,,"IGA Evatt","Heydon Place","Evatt","ACT","11/08/2021 - Wednesday",4:00pm,8:15pm,"Close"
,,"IGA Evatt","Heydon Place","Evatt","ACT","13/08/2021 - Friday",11:45am,8:15pm,"Casual"
,,"IGA Lyneham","1 Wattle Place","Lyneham","ACT","12/08/2021 - Thursday",3:00pm,3:45pm,"Casual"
,,"IGA Lyneham","1 Wattle Place","Lyneham","ACT","13/08/2021 - Friday",11:00am,11:45am,"Monitor"
,,"IGA Lyneham","1 Wattle Place","Lyneham","ACT","14/08/2021 - Saturday",4:15pm,5:00pm,"Casual"
,,"IGA Melba","1/4-6 Melba Circuit","Melba","ACT","11/08/2021 - Wednesday",8:50am,9:15am,"Casual"
,,"IGA O'Connor","3 Sargood Street","O'Connor","ACT","15/08/2021 - Sunday",5:30pm,6:00pm,"Monitor"
,,"IGA O'Connor","3 Sargood Street","O'Connor","ACT","16/08/2021 - Monday",3:15pm,4:15pm,"Casual"
,,"Instrumental Music Program (IMP) Rehearsal Room, UC High School Kaleen","Baldwin Drive","Kaleen","ACT","09/08/2021 - Monday",4:00pm,6:00pm,"Close"
,,"Iskia Athletic Club Campbell","81 Constitution Avenue Campbell","Campbell","ACT","12/08/2021 - Thursday",12:15pm,2:00pm,"Close"
,,"JB HiFi Canberra Outlet Centre","T26, 337 Canberra Avenue","Fyshwick","ACT","08/08/2021 - Sunday",2:15pm,2:55pm,"Close"
,,"Jiparu Cellars","96 Wollongong Street","Fyshwick","ACT","16/08/2021 - Monday",2:45pm,3:45pm,"Monitor"
,,"KFC Dickson","Bradham Street and Wooley Street","Dickson","ACT","09/08/2021 - Monday",3:00pm,4:00pm,"Casual"
,,"KFC Fyshwick ","188-205 Canberra Avenue","Fyshwick","ACT","12/08/2021 - Thursday",11:15am,12:50pm,"Close"
,,"Kmart Gungahlin","33 Hibberson Street","Gungahlin","ACT","10/08/2021 - Tuesday",3:00pm,4:00pm,"Casual"
,,"Kopiku","1/5 Sargood Street","O’Connor","ACT","13/08/2021 - Friday",9:45am,10:15am,"Casual"
,,"Lawrence & Hanson Mitchell","2/67-71 Vicars Street","Mitchell","ACT","12/08/2021 - Thursday",7:30am,8:00am,"Close"
,,"Lawrence & Hanson Mitchell","2/67-71 Vicars Street","Mitchell","ACT","12/08/2021 - Thursday",12:40pm,1:00pm,"Close"
,,"LDK Greenway Views","260 Soward Way","Greenway","ACT","10/08/2021 - Tuesday",3:30pm,11:59pm,"Close"
,,"LDK Greenway Views","260 Soward Way","Greenway","ACT","11/08/2021 - Wednesday",12:00am,11:59pm,"Close"
,,"LDK Greenway Views","260 Soward Way","Greenway","ACT","12/08/2021 - Thursday",12:00am,11:59pm,"Close"
,,"LDK Greenway Views","260 Soward Way","Greenway","ACT","13/08/2021 - Friday",12:00am,11:59pm,"Close"
,,"LDK Greenway Views","260 Soward Way","Greenway","ACT","14/08/2021 - Saturday",12:00am,11:59pm,"Close"
,,"LDK Greenway Views","260 Soward Way","Greenway","ACT","15/08/2021 - Sunday",12:00am,11:59pm,"Close"
,,"Lennock Jaguar Land Rover","126 Melrose Drive","Phillip","ACT","09/08/2021 - Monday",8:30am,5:30pm,"Close"
,,"Lennock Jaguar Land Rover","126 Melrose Drive","Phillip","ACT","10/08/2021 - Tuesday",8:30am,5:30pm,"Close"
,,"Lennock Jaguar Land Rover","126 Melrose Drive","Phillip","ACT","11/08/2021 - Wednesday",8:30am,5:30pm,"Close"
,,"Lennock Jaguar Land Rover","126 Melrose Drive","Phillip","ACT","12/08/2021 - Thursday",8:30am,5:30pm,"Close"
,,"Lennock Jaguar Land Rover","126 Melrose Drive","Phillip","ACT","13/08/2021 - Friday",8:30am,5:30pm,"Close"
,,"Light Rail - R1 Transport Canberra Code LRV003","Gungahlin to Dickson Interchange","Public Transport","ACT","10/08/2021 - Tuesday",8:20am,8:38am,"Casual"
,,"Light Rail - R1 Transport Canberra Code LRV003","Gungahlin to Dickson Interchange","Public Transport","ACT","12/08/2021 - Thursday",8:20am,8:38am,"Casual"
,,"Light Rail - R1 Transport Canberra Code LRV004","Gungahlin to Dickson Interchange ","Public Transport","ACT","10/08/2021 - Tuesday",8:10am,8:26pm,"Casual"
,,"Light Rail - R1 Transport Canberra Code LRV004","Well Station Dr to Gunghalin","Public Transport","ACT","11/08/2021 - Wednesday",2:18pm,2:25pm,"Casual"
,,"Light Rail - R1 Transport Canberra Code LRV005","Dickson Interchange to Gungahlin","Public Transport","ACT","12/08/2021 - Thursday",3:18pm,3:37pm,"Casual"
,,"Light Rail - R1 Transport Canberra Code LRV005","Gunghalin to Well Station Dr","Public Transport","ACT","12/08/2021 - Thursday",1:40pm,1:47pm,"Casual"
,,"Light Rail - R1 Transport Canberra Code LRV005 ","Dickson Interchange to Gungahlin","Public Transport","ACT","11/08/2021 - Wednesday",3:18pm,3:37pm,"Casual"
,,"Light Rail - R1 Transport Canberra Code LRV006","Gungahlin to Dickson Interchange","Public Transport","ACT","11/08/2021 - Wednesday",8:20am,8:38am,"Casual"
,,"Light Rail - R1 Transport Canberra Code LRV009","Dickson Interchange to Gungahlin","Public Transport","ACT","10/08/2021 - Tuesday",3:13pm,3:31pm,"Casual"
,,"Light Rail - R1 Transport Canberra Code LRV010","Dickson Interchange to Gungahlin","Public Transport","ACT","10/08/2021 - Tuesday",3:18pm,3:37pm,"Casual"
,,"Light Rail - R1 Transport Canberra Code LRV010","Gungahlin to Dickson Interchange ","Public Transport","ACT","11/08/2021 - Wednesday",8:05am,8:22pm,"Casual"
,,"Light Rail - R1 Transport Canberra Code LRV011","Gungahlin to Dickson Interchange ","Public Transport","ACT","12/08/2021 - Thursday",8:10am,8:27pm,"Casual"
,,"Light Rail - R1 Transport Canberra Code LRV012","Dickson Interchange to Gungahlin","Public Transport","ACT","11/08/2021 - Wednesday",3:13pm,3:31pm,"Casual"
,,"Light Rail - R1 Transport Canberra Code LRV013","Well Station Dr to Gunghalin","Public Transport","ACT","12/08/2021 - Thursday",4:36pm,4:43pm,"Casual"
,,"Liquorland Amaroo","Horse Park Drive","Amaroo","ACT","13/08/2021 - Friday",12:00pm,12:30pm,"Casual"
,,"Lyneham High School","Goodwin Street","Lyneham","ACT","09/08/2021 - Monday",8:30am,3:30pm,"Close"
,,"Lyneham High School","Goodwin Street","Lyneham","ACT","10/08/2021 - Tuesday",8:30am,3:30pm,"Close"
,,"Lyneham High School","Goodwin Street","Lyneham","ACT","11/08/2021 - Wednesday",8:30am,3:30pm,"Close"
,,"Lyneham High School","Goodwin Street","Lyneham","ACT","12/08/2021 - Thursday",8:30am,3:30pm,"Close"
,,"Mawson Southland Quality Meats","1/93 Mawson Place","Mawson","ACT","12/08/2021 - Thursday",1:40pm,1:55pm,"Casual"
,,"McDonalds Braddon","Cnr Cooyong & Mort Streets","Braddon","ACT","16/08/2021 - Monday",10:15am,10:40am,"Casual"
,,"McDonalds Charnwood","Cnr Charnwood Place & Lhotsky Place","Charnwood","ACT","12/08/2021 - Thursday",8:00am,8:45am,"Casual"
,,"McDonalds Lyneham","661 Northbourne Avenue","Lyneham","ACT","13/08/2021 - Friday",6:40pm,7:00pm,"Casual"
,,"Meatways Kambah Butcher","Marconi Crescent","Kambah","ACT","14/08/2021 - Saturday",1:20pm,2:00pm,"Monitor"
,,"Melt","109 Flemington Road","Mitchell","ACT","12/08/2021 - Thursday",7:30am,8:00am,"Close"
,,"Metropol City","81 Cooyong Street","Canberra City","ACT","10/08/2021 - Tuesday",1:30pm,10:00pm,"Casual"
,,"Mr Sushi Gungahlin Village","Gungahlin Village","Gungahlin","ACT","12/08/2021 - Thursday",4:00pm,4:15pm,"Casual"
,,"Mugga Site - Mugga Lane Resource Management Centre Waste Transfer Station","Mugga Lane","Symonston","ACT","09/08/2021 - Monday",10:00am,10:30am,"Casual"
,,"North Canberra Business Centre","54 Vicars Street","Mitchell","ACT","11/08/2021 - Wednesday",11:10am,11:30am,"Close"
,,"Ochre Medical Centre Kingston","81 Cooyong Street","Kingston","ACT","11/08/2021 - Wednesday",4:30pm,4:40pm,"Monitor"
,,"Officeworks Braddon","30 Mort Street","Braddon","ACT","09/08/2021 - Monday",3:15pm,4:00pm,"Casual"
,,"Officeworks Fyshwick","1 Whyalla Street","Fyshwick","ACT","13/08/2021 - Friday",5:25pm,6:05pm,"Casual"
,,"Oriental Kitchen Charnwood","Charnwood Place","Charnwood","ACT","14/08/2021 - Saturday",6:55pm,7:35pm,"Monitor"
,,"Pellegrino’s Café","7/49 Wollongong Street","Fyshwick","ACT","10/08/2021 - Tuesday",7:15am,8:15am,"Close"
,,"Pellegrino’s Café","7/49 Wollongong Street","Fyshwick","ACT","11/08/2021 - Wednesday",8:30am,8:35am,"Close"
,,"Pellegrino’s Café","7/49 Wollongong Street","Fyshwick","ACT","11/08/2021 - Wednesday",12:00pm,1:00pm,"Close"
,,"Pellegrino’s Café","7/49 Wollongong Street","Fyshwick","ACT","12/08/2021 - Thursday",8:30am,8:35am,"Close"
,,"Power Kart Raceway","125 Canberra Avenue","Griffith","ACT","11/08/2021 - Wednesday",7:15pm,8:30pm,"Close"
,,"Power Kart Raceway","125 Canberra Avenue","Griffith","ACT","12/08/2021 - Thursday",12:00pm,1:30pm,"Casual"
,,"Priceline Pharmacy Amaroo","6 Pioneer Street","Amaroo","ACT","12/08/2021 - Thursday",5:00pm,6:45pm,"Close"
,,"Rebel Sport Woden","Shop LM2, Keltie Street","Phillip","ACT","11/08/2021 - Wednesday",11:15am,12:15pm,"Casual"
,,"Reject Shop Belconnen","Westfield Belconnen, Benjamin Way","Belconnen","ACT","17/08/2021 - Tuesday",11:45am,12:20pm,"Casual"
,,"Reject Shop Gungahlin Village","Shop 2, 46 Hibberson Street","Gungahlin","ACT","12/08/2021 - Thursday",3:45pm,4:10pm,"Casual"
,,"Seears Workwear","60 Barrier Street","Fyshwick","ACT","10/08/2021 - Tuesday",4:00pm,4:15pm,"Casual"
,,"Services Australia Gungahlin","5 Fussell Lane","Gungahlin","ACT","12/08/2021 - Thursday",3:10pm,3:30pm,"Casual"
,,"Southern Cross Basketball Stadium","7 Pitman Street","Greenway","ACT","11/08/2021 - Wednesday",6:30pm,10:00pm,"Casual"
,,"Southern Cross Basketball Stadium","7 Pitman Street","Greenway","ACT","11/08/2021 - Wednesday",8:30pm,10:00pm,"Casual"
,,"Southern Cross Basketball Stadium ","7 Pitman Street","Greenway","ACT","11/08/2021 - Wednesday",8:30pm,9:00pm,"Casual"
,,"Spence Grocer","1 Glassey place","Spence","ACT","12/08/2021 - Thursday",8:20am,8:50am,"Casual"
,,"Spence Grocer","1 Glassey place","Spence","ACT","12/08/2021 - Thursday",3:20pm,3:50pm,"Casual"
,,"Spence Grocer","1 Glassey place","Spence","ACT","14/08/2021 - Saturday",12:40pm,1:10pm,"Casual"
,,"Spence Grocer","1 Glassey place","Spence","ACT","15/08/2021 - Sunday",9:30am,9:50am,"Casual"
,,"St George Bank Fyshwick","58 Wollongong Street","Fyshwick","ACT","09/08/2021 - Monday",10:35am,11:00am,"Casual"
,,"St George Bank Gungahlin","30 Hibberson Street","Gungahlin","ACT","12/08/2021 - Thursday",2:40pm,3:10pm,"Casual"
,,"St Thomas Aquinas Primary School","25 Lhotsky Street","Charnwood","ACT","12/08/2021 - Thursday",8:30am,4:00pm,"Close"
,,"St Vincent de Paul","32 Buckland Street","Mitchell","ACT","10/08/2021 - Tuesday",3:30pm,4:00pm,"Close"
,,"Stockade Gym","7 Kembla Street","Fyshwick","ACT","11/08/2021 - Wednesday",5:00pm,6:00pm,"Casual"
,,"Stockade Training Centre","7 Kembla Street","Fyshwick","ACT","09/08/2021 - Monday",3:45pm,5:30pm,"Casual"
,,"Stockade Training Centre","7 Kembla Street","Fyshwick","ACT","10/08/2021 - Tuesday",9:00am,11:00am,"Close"
,,"Stockade Training Centre","7 Kembla Street ","Fyshwick","ACT","09/08/2021 - Monday",7:30am,1:00pm,"Close"
,,"Subsdance Dance Studio","1/27-29 Eyre Street","Kingston","ACT","10/08/2021 - Tuesday",6:00pm,8:00pm,"Close"
,,"Subway Barton","48 Macquarie Street","Barton","ACT","10/08/2021 - Tuesday",10:50am,11:20am,"Casual"
,,"Subway Dickson","Shop 1/71-81 Woolley Street","Dickson","ACT","11/08/2021 - Wednesday",7:00pm,7:50pm,"Close"
,,"Supabarn Casey","15 Kingsland Parade","Casey","ACT","10/08/2021 - Tuesday",4:00pm,4:10pm,"Casual"
,,"Supabarn Casey","15 Kingsland Parade","Casey","ACT","11/08/2021 - Wednesday",1:05pm,1:30pm,"Casual"
,,"Supabarn Casey","15 Kingsland Parade","Casey","ACT","13/08/2021 - Friday",3:00pm,3:34pm,"Casual"
,,"Sushi Island Casey","15/22 Kingsland Parade","Casey","ACT","10/08/2021 - Tuesday",4:00pm,4:15pm,"Casual"
,,"Sushi Island Casey","15/22 Kingsland Parade","Casey","ACT","11/08/2021 - Wednesday",1:00pm,1:10pm,"Casual"
,,"The Bucket Warehouse","Unit 1E/5 Pelle Street","Mitchell","ACT","11/08/2021 - Wednesday",5:25pm,7:15pm,"Close"
,,"The Civic Pub","8 Lonsdale Street","Braddon","ACT","09/08/2021 - Monday",3:45pm,9:45pm,"Close"
,,"The Civic Pub","8 Lonsdale Street","Braddon","ACT","11/08/2021 - Wednesday",5:00pm,8:30pm,"Close"
,,"The Greenshed Mitchell","Flemington Road","Mitchell","ACT","11/08/2021 - Wednesday",9:45am,2:15pm,"Monitor"
,,"The Rehabilitation Specialists","9/27 Yallourn Street","Fyshwick","ACT","11/08/2021 - Wednesday",2:30pm,5:00pm,"Close"
,,"The Rehabilitation Specialists","9/27 Yallourn Street","Fyshwick","ACT","11/08/2021 - Wednesday",8:30am,9:30am,"Close"
,,"The Source Bulk Foods","Shop 7/7, 30 Dickson Place","Dickson","ACT","14/08/2021 - Saturday",2:45pm,3:10pm,"Casual"
,,"TK Maxx Canberra Outlet Centre","X20, 337 Canberra Avenue","Fyshwick","ACT","08/08/2021 - Sunday",3:10pm,3:40pm,"Close"
,,"TLE Electrical & Data supplies","22-36 Oatley Court","Belconnen","ACT","11/08/2021 - Wednesday",7:45am,8:30am,"Casual"
,,"TLE Electrical & Data supplies","22-36 Oatley Court","Belconnen","ACT","12/08/2021 - Thursday",7:30am,8:15am,"Casual"
,,"Turkish Delight","75/71 Giles Street","Kingston","ACT","11/08/2021 - Wednesday",6:35pm,6:45pm,"Close"
,,"U14 girls AFL Ainslie Red vs Belconnen Black","Aranda Playing Fields","Aranda","ACT","08/08/2021 - Sunday",9:00am,11:30am,"Monitor"
,,"UC Library","Building 8 University of Canberra","Bruce","ACT","11/08/2021 - Wednesday",8:00pm,9:00pm,"Monitor"
,,"UCSSC Lake Ginninderra (Entire Campus excluding Gymnasium and Cafeteria/Canteen area. Refer to Close Contact entry if you attended Gymnasium and Cafeteria/Canteen area)","2 Emu Bank","Belconnen","ACT","09/08/2021 - Monday",10:00am,1:30pm,"Monitor"
,,"UCSSC Lake Ginninderra (Gymnasium and Cafeteria/Canteen area)","2 Emu Bank","Belconnen","ACT","09/08/2021 - Monday",10:00am,1:30pm,"Close"
,,"Urban Pantry","5 Bougainville Street","Griffith","ACT","10/08/2021 - Tuesday",10:30am,1:00pm,"Close"
,,"Vodafone Gungahlin","18 Hibberson Street","Gungahlin","ACT","12/08/2021 - Thursday",3:20pm,3:45pm,"Casual"
,,"Westfield Belconnen","Westfield Belconnen, Benjamin Way","Belconnen","ACT","12/08/2021 - Thursday",7:30am,9:00am,"Monitor"
,,"Westfield Belconnen","Westfield Belconnen, Benjamin Way","Belconnen","ACT","13/08/2021 - Friday",8:45am,10:15am,"Monitor"
,,"Westfield Belconnen","Westfield Belconnen, Benjamin Way","Belconnen","ACT","13/08/2021 - Friday",1:30pm,2:50pm,"Monitor"
,,"Westfield Belconnen","Westfield Belconnen, Benjamin Way","Belconnen","ACT","17/08/2021 - Tuesday",11:10am,12:30pm,"Monitor"
,,"Westfield Belconnen - bus stop entrance","Westfield Belconnen, Benjamin Way","Belconnen","ACT","10/08/2021 - Tuesday",7:45am,8:45am,"Monitor"
,,"Westfield Belconnen Food Court","Westfield Belconnen, Benjamin Way","Belconnen","ACT","12/08/2021 - Thursday",10:00am,11:45am,"Casual"
,,"Westfield Post Office","Westfield Belconnen, Benjamin Way","Belconnen","ACT","13/08/2021 - Friday",9:50am,10:15am,"Casual"
,,"Windsor Smith Canberra Outlet Centre","T103, 337 Canberra Avenue ","Fyshwick","ACT","08/08/2021 - Sunday",2:45pm,3:15pm,"Close"
,,"Woden Bus Interchange","Bowes Street","Phillip","ACT","13/08/2021 - Friday",12:33pm,12:57pm,"Monitor"
,,"Wokitup Gungahlin","4/46 Hibberson Street","Gungahlin","ACT","20/08/2021 - Friday",6:05pm,6:55pm,"Monitor"
,,"Woolworths Belconnen","Westfield Belconnen, Benjamin Way","Belconnen","ACT","12/08/2021 - Thursday",4:15pm,5:00pm,"Casual"
,,"Woolworths Belconnen","Westfield Belconnen, Benjamin Way","Belconnen","ACT","13/08/2021 - Friday",9:05am,9:45am,"Casual"
,,"Woolworths Belconnen","Westfield Belconnen, Benjamin Way","Belconnen","ACT","13/08/2021 - Friday",1:45pm,2:10pm,"Casual"
,,"Woolworths Belconnen","Westfield Belconnen, Benjamin Way","Belconnen","ACT","16/08/2021 - Monday",7:10pm,8:00pm,"Casual"
,,"Woolworths Belconnen","Westfield Belconnen, Benjamin Way","Belconnen","ACT","16/08/2021 - Monday",4:40pm,6:00pm,"Casual"
,,"Woolworths Bonner","61 Mabo Boulevard","Bonner","ACT","13/08/2021 - Friday",11:15am,12:00pm,"Casual"
,,"Woolworths Bonner","61 Mabo Boulevard","Bonner","ACT","14/08/2021 - Saturday",11:15am,12:00pm,"Casual"
,,"Woolworths Charnwood","25-30 Charnwood Place","Charnwood","ACT","14/08/2021 - Saturday",1:00pm,3:00pm,"Casual"
,,"Woolworths Charnwood","25-30 Charnwood Place ","Charnwood","ACT","11/08/2021 - Wednesday",6:30pm,7:10pm,"Casual"
,,"Woolworths Dickson","1 Dickson Place","Dickson","ACT","11/08/2021 - Wednesday",3:00pm,3:30pm,"Casual"
,,"Woolworths Dickson","1 Dickson Place","Dickson","ACT","14/08/2021 - Saturday",11:20am,11:50am,"Casual"
,,"Woolworths Dickson","1 Dickson Place","Dickson","ACT","14/08/2021 - Saturday",2:50pm,3:40pm,"Casual"
,,"Woolworths Dickson","1 Dickson Place","Dickson","ACT","15/08/2021 - Sunday",12:00pm,12:30pm,"Casual"
,,"Woolworths Dickson","1 Dickson Place","Dickson","ACT","09/08/2021 - Monday",3:00pm,4:00pm,"Casual"
,,"Woolworths Gungahlin","30 Hibberson Street","Gungahlin","ACT","11/08/2021 - Wednesday",8:00am,8:50am,"Casual"
,,"Woolworths Gungahlin","30 Hibberson Street","Gungahlin","ACT","11/08/2021 - Wednesday",3:30pm,4:20pm,"Casual"
,,"Woolworths Kambah ","2 Primmer Court","Kambah","ACT","14/08/2021 - Saturday",2:00pm,2:30pm,"Casual"
,,"Woolworths Kippax","48 Hardwick Crescent","Holt","ACT","10/08/2021 - Tuesday",11:00am,11:15am,"Monitor"
,,"Woolworths Phillip","Westfield Woden, Hindmarsh Drive & Melrose Drive","Phillip","ACT","10/08/2021 - Tuesday",5:30pm,6:30pm,"Monitor"
,,"Woolworths Weston Creek","Brierly Street","Weston Creek","ACT","13/08/2021 - Friday",6:20pm,7:00pm,"Casual"
,,"Woolworths Weston Creek","Brierly Street","Weston Creek","ACT","13/08/2021 - Friday",10:30am,12:00pm,"Monitor"
,,"Xian Restaurant","1/140 Emu Bank","Belconnen","ACT","11/08/2021 - Wednesday",9:15pm,9:45pm,"Casual"
,,"Yum Cha","Westfield Belconnen, Benjamin Way","Belconnen","ACT","11/08/2021 - Wednesday",3:00pm,4:30pm,"Close"